,0,1
0,raise,5.82900502464596
1,slate,5.801509236183224
2,trace,5.793675031822458
3,crate,5.7833745612525025
4,irate,5.776628594884243
5,arise,5.769495246432217
6,stare,5.750954778237815
7,least,5.719836084085704
8,snare,5.712636559146142
9,alert,5.7053603456439
10,crane,5.704340661087112
11,arose,5.699099138871179
12,saner,5.695460265244923
13,stale,5.682454250486184
14,alter,5.675143696661934
15,react,5.6702147699779095
16,later,5.668684892692024
17,leant,5.6614935262667885
18,trade,5.643732499787794
19,learn,5.621849767324544
20,roast,5.617323603630824
21,cater,5.612864013908411
22,trice,5.598940751163919
23,heart,5.5845201984498525
24,parse,5.579382065182658
25,scare,5.571926322096086
26,aisle,5.568869371787494
27,saute,5.568138293827783
28,alone,5.56766887619162
29,alien,5.55711256548841
30,grate,5.553138579215765
31,store,5.551614672906636
32,share,5.548781603582651
33,trail,5.535685283893478
34,teary,5.531919965702466
35,train,5.522221444509484
36,caste,5.517158778173036
37,snore,5.517047427701697
38,siren,5.516846930182412
39,atone,5.512717841377142
40,dealt,5.512029965494446
41,rinse,5.511544173363609
42,scale,5.508396549042392
43,plate,5.501542578605792
44,renal,5.496333275229753
45,spare,5.492903776207729
46,saint,5.490661504740419
47,glare,5.488935076165079
48,trial,5.486092509730406
49,slice,5.481682375406478
50,lance,5.477367351181576
51,shale,5.477246605019337
52,solar,5.475563790101031
53,taper,5.472480611824373
54,pearl,5.471616382889182
55,crone,5.4713907405640505
56,slant,5.470325968674346
57,clear,5.470111940877331
58,stair,5.469626087184726
59,stole,5.457754428485395
60,sonar,5.45760623872102
61,tenor,5.456626757952691
62,hater,5.447501299894031
63,route,5.447058083382799
64,blare,5.439814087472392
65,plane,5.437541626048768
66,cleat,5.435136430565316
67,tread,5.433536910737961
68,canoe,5.428377893060816
69,tripe,5.425594081037877
70,paler,5.424958997710145
71,rouse,5.424283796978165
72,tried,5.423238059604417
73,large,5.415272393194047
74,sauce,5.411810248888572
75,crest,5.411466678357561
76,steal,5.41119024628623
77,loser,5.411059972022761
78,tamer,5.408298923547875
79,suite,5.40627258999012
80,shire,5.402529708975697
81,great,5.395357967906666
82,stone,5.394700273076744
83,leapt,5.39094474919974
84,noise,5.389912127099259
85,earth,5.38871102515135
86,truce,5.384337543060337
87,trope,5.381843410679587
88,close,5.380770666285778
89,shear,5.379827201727949
90,grace,5.376241810394829
91,horse,5.375805255872766
92,lapse,5.37564112854785
93,table,5.374267266485309
94,adore,5.372616792064145
95,score,5.369244014627544
96,cause,5.367401937082675
97,paste,5.366091114587474
98,aider,5.36429401546822
99,lathe,5.359339075338911
100,shore,5.358802090762651
101,yeast,5.358429356149602
102,slain,5.356593077337145
103,coast,5.356321877752728
104,drone,5.352090615742542
105,liner,5.351794644923842
106,place,5.34817953233309
107,clone,5.346767790622907
108,brace,5.345791829085024
109,risen,5.343199765399252
110,meant,5.342977929558718
111,leash,5.34264193074465
112,haste,5.341519059726219
113,beast,5.337237852822911
114,satin,5.335649141104328
115,range,5.334540958476549
116,cairn,5.332611963345245
117,flare,5.332200094547074
118,layer,5.331427417287164
119,prone,5.330049939316423
120,realm,5.329545354489292
121,yearn,5.3293342993975035
122,prose,5.3283785445415806
123,snarl,5.3260548146165
124,spire,5.324754787240979
125,urine,5.3182249270490285
126,louse,5.317714194642631
127,resin,5.316890539316744
128,pleat,5.316261612278633
129,stern,5.312930471314059
130,cadet,5.312718922939863
131,early,5.3126249215868855
132,drape,5.312198417830826
133,carol,5.310683129762489
134,since,5.310228961308145
135,slide,5.309445909029866
136,spear,5.307357868774671
137,lager,5.307001273988719
138,plier,5.306869621665017
139,tribe,5.305142267483587
140,panel,5.3024520136618305
141,ratio,5.302224824990294
142,inert,5.300939704825889
143,triad,5.30072087780031
144,snort,5.300544012049809
145,trash,5.298999819243026
146,enact,5.298486887659524
147,caper,5.295757271671618
148,baler,5.295258527212962
149,coral,5.293881258803432
150,clean,5.2927842787204105
151,tonal,5.292446786904489
152,curse,5.288164205572716
153,merit,5.288076820388866
154,stage,5.286635756230168
155,snail,5.286289604272203
156,arson,5.283886694690032
157,price,5.282460366875757
158,reach,5.280284973137305
159,relay,5.279411219070861
160,talon,5.279110844360967
161,spore,5.277710786842273
162,cedar,5.2775630512912795
163,their,5.2775224965684675
164,salon,5.275586603749565
165,heist,5.274621714523182
166,nurse,5.270925510666015
167,laden,5.269260225755693
168,petal,5.2628560092717525
169,poise,5.261883108452631
170,inter,5.254510278138261
171,dance,5.253946884693946
172,safer,5.253657737517315
173,space,5.252482941031363
174,cruel,5.252231360288033
175,feast,5.249985143306518
176,inlet,5.24895154724359
177,ramen,5.247985180302215
178,baste,5.246738496758545
179,those,5.246686452042959
180,spite,5.246613961872452
181,sedan,5.246394951664964
182,stain,5.245558740538383
183,peril,5.2422071057652735
184,tapir,5.241761501539757
185,smear,5.240972571140391
186,slime,5.240767452330916
187,teach,5.240709300351846
188,chase,5.240614874928348
189,pause,5.240088819767281
190,stein,5.239358447262089
191,tilde,5.238214343501428
192,cried,5.23737523336277
193,shine,5.236120325065723
194,slope,5.235900822698099
195,grade,5.233570588589201
196,outer,5.232056006093602
197,haute,5.228841756942213
198,islet,5.227077234986014
199,heard,5.225416441936323
200,trend,5.224675453115977
201,shalt,5.2239283964176035
202,water,5.222664570846956
203,utile,5.221312162746611
204,false,5.220762274415766
205,farce,5.220221033476363
206,eclat,5.219881603564398
207,brine,5.219306186775098
208,plait,5.2186471045732175
209,onset,5.218460800501997
210,grant,5.2165738410808
211,drain,5.215896958124191
212,borne,5.215682007743612
213,droit,5.215586855105531
214,shone,5.21548987959439
215,satyr,5.215051042226636
216,scone,5.212657728711314
217,agile,5.212550611197263
218,taker,5.210074809661607
219,regal,5.2095632231082964
220,grape,5.205348101041936
221,poser,5.2034194013512565
222,artsy,5.203377131442051
223,chore,5.203265700544552
224,penal,5.203082815634803
225,cable,5.2021942633081135
226,smart,5.20048671448493
227,tiger,5.199661408633345
228,anode,5.199176192738148
229,timer,5.198716469202644
230,afire,5.197660930881833
231,remit,5.19528696967376
232,spiel,5.1927506763987825
233,write,5.190118984816477
234,crime,5.189138993722554
235,scant,5.187889993954493
236,acute,5.1847893102640015
237,bleat,5.182767726045256
238,diner,5.181646653579844
239,argue,5.179464206496012
240,metal,5.177162977760905
241,hotel,5.176999171839214
242,forte,5.175870268380442
243,polar,5.175819576938321
244,skate,5.171519719345514
245,smite,5.170808292933527
246,smile,5.170477008736794
247,rainy,5.16860647623851
248,paint,5.1684421704022245
249,slept,5.166590170292883
250,leach,5.165689926522792
251,delta,5.164013480014022
252,cutie,5.162712727679098
253,chart,5.1622348223147565
254,anger,5.161586276793431
255,sober,5.160419036640528
256,plant,5.159656522586154
257,shade,5.159006555184091
258,wrote,5.158750820057399
259,relic,5.154918831888324
260,purse,5.154313410304971
261,spine,5.154153772197897
262,slave,5.152627129505482
263,salty,5.151007854284726
264,camel,5.149905127824175
265,phase,5.148006750010026
266,grail,5.147144168546076
267,snide,5.1452573022673995
268,aside,5.145149789900764
269,loath,5.1429719167400005
270,shirt,5.14284827775268
271,feral,5.142739918792382
272,shape,5.142151542516537
273,lithe,5.1418645654438215
274,alike,5.1416458231453745
275,actor,5.1413310121714675
276,court,5.140945659590988
277,anime,5.140891856715388
278,angle,5.14061512182736
279,stead,5.1393217098772
280,payer,5.13845664211388
281,cream,5.1370382435983775
282,ready,5.136311180971771
283,snipe,5.135552132643334
284,short,5.135096693750989
285,prune,5.134928685423294
286,heron,5.132789806056131
287,nicer,5.13140351805535
288,worse,5.1301370753681885
289,older,5.1290417872393705
290,stray,5.128930851006726
291,crave,5.128798586574213
292,pride,5.128050572402394
293,cheat,5.127184304876608
294,recut,5.1265428630143335
295,crept,5.126178386920728
296,death,5.125368283501624
297,acorn,5.12191769722315
298,glade,5.121549342064974
299,stake,5.121469300177592
300,smote,5.1214356549665565
301,scent,5.120949174676842
302,goner,5.120150986036292
303,spelt,5.1191359348272405
304,waste,5.118884970127966
305,salve,5.117236961066345
306,beard,5.11450610128648
307,unite,5.114082922596479
308,motel,5.110488204623151
309,miser,5.109360817173308
310,print,5.108706130196401
311,pried,5.107794218030973
312,boast,5.107461785308084
313,cider,5.105983844017301
314,after,5.105274828322327
315,carve,5.101264088836161
316,brute,5.10093587193935
317,ripen,5.100848451650968
318,drake,5.099552404907458
319,style,5.096239546823119
320,spade,5.095674285246526
321,snake,5.0952947012503556
322,gloat,5.094722172899774
323,swear,5.094435551986194
324,molar,5.0939778031831136
325,surge,5.093872757958106
326,valet,5.093597525884625
327,chair,5.093341319769966
328,grain,5.093289711416862
329,lunar,5.091583913501169
330,recap,5.090356480129081
331,shame,5.089401961407668
332,roach,5.087834532931438
333,blast,5.086786730034554
334,sepia,5.0859903020213935
335,barge,5.0846253331668025
336,spice,5.083907353062559
337,metro,5.08348228581876
338,harem,5.082786868793764
339,crust,5.082532331192599
340,horde,5.08147629084425
341,crash,5.079957272003552
342,trove,5.0798486549904025
343,angel,5.076885755301642
344,blade,5.076025882208181
345,swore,5.075002266908312
346,miner,5.074822995448561
347,reign,5.074620120111155
348,royal,5.0736436284733415
349,glean,5.072645118715033
350,nadir,5.072418451319362
351,moral,5.071314747036949
352,super,5.07121524170713
353,sport,5.0705555693590885
354,singe,5.066382028216323
355,shoal,5.065373968283343
356,rouge,5.063625621772137
357,strap,5.063189833513929
358,groan,5.062497682808909
359,brain,5.060999715594716
360,wrest,5.059323654239599
361,house,5.059034234112526
362,agent,5.057913080022279
363,decal,5.056423543584808
364,hoist,5.055176242787553
365,email,5.055155942375871
366,flier,5.053469128515599
367,gayer,5.053328453312957
368,spent,5.052867362202984
369,untie,5.052495052272868
370,smelt,5.051714352931501
371,abort,5.050500058772154
372,bloat,5.048802249900472
373,plain,5.048610533352913
374,copse,5.047320869842229
375,staid,5.047047600955647
376,maple,5.04658090924835
377,avert,5.046249250921307
378,giant,5.0445786927452465
379,crude,5.044526755947518
380,splat,5.044151100759204
381,rifle,5.041937668424142
382,prime,5.04189969914249
383,unset,5.040647687496052
384,pulse,5.03981887736104
385,sweat,5.038979711839856
386,alive,5.0387160317402016
387,chose,5.038699204268415
388,serif,5.037522785793771
389,manor,5.03667802994051
390,rayon,5.035761323475992
391,refit,5.03535562600279
392,erupt,5.034704839090921
393,steam,5.034471668730734
394,taken,5.033381899261022
395,ulcer,5.033003332857428
396,stave,5.030789713944117
397,tower,5.030345542843524
398,comet,5.0294637544577805
399,fetal,5.029231148199919
400,tidal,5.029180124775
401,gruel,5.027539173993637
402,sower,5.026858537188771
403,mealy,5.025269126503388
404,facet,5.0230077971095515
405,frame,5.022967500767003
406,repay,5.022905984189229
407,filet,5.022093646485538
408,tease,5.019491817521661
409,force,5.019332296918825
410,rogue,5.018332920476583
411,dairy,5.017117502639864
412,adorn,5.0165126691374935
413,guile,5.016168713543354
414,debar,5.014868877073133
415,bathe,5.013411825836613
416,radio,5.0125428467789686
417,dream,5.011962622998387
418,retch,5.011928580723331
419,hoard,5.011313840839299
420,torus,5.0110717734404675
421,gripe,5.010695032609421
422,thorn,5.010652950476592
423,stand,5.0097191860886205
424,skier,5.009547318344224
425,meaty,5.006939296865209
426,gamer,5.006880136247766
427,raven,5.006730165055076
428,credo,5.002815886261508
429,amuse,5.002348416476746
430,craft,5.002276436976195
431,dirge,5.002077943046798
432,opera,5.0014397529246795
433,moist,5.001210288504903
434,cameo,5.001140658226138
435,other,5.0011253537546585
436,story,5.001123735452085
437,erase,5.000547313560981
438,decor,5.000031406966218
439,labor,4.999726166214716
440,idler,4.999466935353388
441,flair,4.999203666000111
442,frail,4.998863905257276
443,bride,4.998776788410156
444,snout,4.998759315578092
445,point,4.998577970453686
446,olden,4.998023051201939
447,diary,4.996893883171708
448,pecan,4.996674490965389
449,tardy,4.996506911249125
450,bread,4.994055491230073
451,party,4.9938343110721695
452,sloth,4.9934112045193375
453,chant,4.993184995506948
454,plied,4.993154424018105
455,baron,4.993075809977496
456,pedal,4.992148922023087
457,trawl,4.991728313808154
458,ultra,4.990992883535524
459,mouse,4.9895511722487145
460,delay,4.988883416228426
461,ocean,4.986139258321107
462,waist,4.98551669629592
463,scary,4.983065428287034
464,blame,4.98111770018188
465,grope,4.980791415724909
466,hairy,4.978898432131537
467,tuber,4.978135791043817
468,solid,4.978133545149714
469,scorn,4.978004600576356
470,spilt,4.9778584369071766
471,filer,4.977488153527719
472,matey,4.976619554017893
473,shorn,4.976585766434551
474,opine,4.976482918020425
475,shied,4.976002207479006
476,boule,4.975731866326858
477,rivet,4.97568562501246
478,guise,4.975302383664051
479,apron,4.974616575671123
480,clout,4.9722451581955385
481,weary,4.969964696356023
482,daunt,4.969654790522109
483,creak,4.96680103604928
484,noble,4.966531141232518
485,ashen,4.966521925479691
486,ounce,4.966256876338295
487,ranch,4.965175030234838
488,clash,4.963912916272945
489,plead,4.9633237506993515
490,grime,4.962123035445376
491,bluer,4.961461838994836
492,serum,4.960887501702932
493,pesto,4.960188572756137
494,shard,4.957456197701934
495,lease,4.9572647621437005
496,brake,4.955835379187293
497,ankle,4.952784817214098
498,ideal,4.952525904873595
499,twine,4.952004802001351
500,faint,4.948436609476579
501,swine,4.946568958847501
502,posit,4.945155232956162
503,torch,4.945028626994763
504,slang,4.944349853295597
505,naive,4.943949556008094
506,count,4.943220870545126
507,towel,4.942324639095887
508,probe,4.9397172633000785
509,entry,4.938831232551184
510,treat,4.938320057574621
511,broil,4.937436302963218
512,haunt,4.936048697242785
513,pilot,4.935445517979477
514,sugar,4.934985636630326
515,organ,4.932998346246633
516,float,4.932941607265601
517,rebut,4.931724651350375
518,cigar,4.930740840947982
519,solve,4.930217327187884
520,choir,4.929515634119403
521,north,4.929514659727832
522,elate,4.928975826463795
523,scope,4.928791330577423
524,whale,4.928371888978138
525,ridge,4.927657178731729
526,clasp,4.927638229051822
527,orbit,4.927578502403136
528,finer,4.92734558435846
529,frost,4.927023242303922
530,trite,4.926850686570795
531,crony,4.926420345363266
532,wiser,4.92628213309005
533,strip,4.925962081876682
534,nosey,4.925181755389852
535,abuse,4.925048163028163
536,peach,4.922449614154921
537,voter,4.92242282363862
538,shake,4.921647569920774
539,terse,4.92126961551933
540,patio,4.920806471316112
541,irony,4.920263719230876
542,cargo,4.920016575796426
543,ascot,4.919381146814765
544,daily,4.918874810361317
545,wrist,4.918697529392134
546,phone,4.918674457785737
547,intro,4.918467927572139
548,prude,4.917745976987963
549,chest,4.91711903553715
550,groin,4.916998478958948
551,lower,4.9158161100291045
552,glide,4.913426945353959
553,track,4.912303199074219
554,deity,4.911955107030345
555,front,4.911392363645225
556,split,4.911370843314266
557,truly,4.909413452143536
558,scaly,4.909407968681017
559,marsh,4.907979579907461
560,medal,4.907304719231271
561,melon,4.907185146153234
562,stark,4.907178555366708
563,grout,4.906777748323664
564,clued,4.905768632473026
565,worst,4.905632124905134
566,savor,4.905225341154956
567,setup,4.904939750058352
568,board,4.9046034587666485
569,octal,4.903989089476412
570,scour,4.90348346892945
571,corny,4.9033802449739055
572,craze,4.902204743781843
573,ovate,4.901837056703888
574,eater,4.901056618938462
575,piano,4.900909356210098
576,align,4.900787780637284
577,mince,4.900456081649539
578,aloft,4.900309482221204
579,grave,4.899746315042695
580,sharp,4.8996763138059505
581,tonic,4.899532309246953
582,first,4.898032630691687
583,stoke,4.897358835517529
584,spied,4.8972392016923
585,acrid,4.896436822765751
586,ample,4.8935692187455695
587,sonic,4.892694762430849
588,suave,4.892429884338338
589,daisy,4.891598964763917
590,guest,4.89050352736454
591,flirt,4.890200183700729
592,coupe,4.887556135897873
593,tramp,4.887314390484143
594,mange,4.886696112369579
595,homer,4.885970776943734
596,bagel,4.88590142342646
597,steak,4.883275624543987
598,braid,4.8831672531901384
599,nasty,4.88259197810602
600,adept,4.88132511439193
601,chute,4.879384691298478
602,latch,4.879205657168801
603,grand,4.8785117011037515
604,sadly,4.878232114076523
605,spoil,4.8775659131986915
606,plaid,4.8770333129555095
607,flame,4.875764899504401
608,berth,4.874785058129348
609,draft,4.874622857698701
610,basil,4.873204633839628
611,soapy,4.872534674522452
612,scald,4.872393544050154
613,curio,4.871797972315489
614,chain,4.871767422275473
615,claim,4.869966251807236
616,latte,4.8696755925486865
617,scrap,4.869420335225923
618,lemur,4.867714951682428
619,twice,4.866177844517126
620,uncle,4.865742794605835
621,fried,4.864952344739316
622,baton,4.863639627015361
623,rapid,4.863459709359019
624,lemon,4.863060095238406
625,antic,4.862360279586734
626,spray,4.861606364162035
627,begat,4.85913365744004
628,brave,4.85853326858117
629,tango,4.858213398446583
630,rhino,4.857815844738603
631,cower,4.857741927769349
632,spurt,4.856872387654944
633,crisp,4.856531863409579
634,stoic,4.853995525021826
635,scion,4.853510685710733
636,broad,4.8534941844567445
637,lover,4.853492521801067
638,gaunt,4.85321203548296
639,audit,4.851761438890178
640,taste,4.850327483833777
641,sneak,4.8503109691837185
642,along,4.850092530172418
643,brash,4.849893933272318
644,storm,4.849028890083297
645,state,4.84820791406114
646,stony,4.848091666358185
647,wager,4.848025474054955
648,edict,4.847906613444166
649,abide,4.84740650965119
650,foist,4.8470691092666325
651,inept,4.846867952733606
652,angst,4.8462833127872145
653,lodge,4.846282716605222
654,brand,4.845060108918609
655,flute,4.844945709840891
656,adult,4.844260867413096
657,glint,4.843730405920566
658,usage,4.843255820285279
659,depot,4.84281107909616
660,ralph,4.842326048203319
661,surly,4.841981130674553
662,navel,4.841549562978838
663,skirt,4.8414695695506245
664,token,4.840574960417691
665,today,4.840317342020834
666,sinew,4.839540945499903
667,tepid,4.839091651306212
668,cagey,4.838393609716528
669,scout,4.83796505568352
670,terra,4.837594493362902
671,south,4.837366936321908
672,croak,4.836753118691682
673,trait,4.83598861153793
674,randy,4.835582632070522
675,value,4.8353589490801925
676,mural,4.835339126066246
677,model,4.835015957802375
678,shave,4.83377024357414
679,grasp,4.833472618599129
680,sleet,4.832852801355997
681,upset,4.832697815741985
682,noisy,4.831465068658004
683,reply,4.830972946333319
684,minor,4.830771080248313
685,gaily,4.83069701526595
686,abled,4.8305216362634065
687,oaken,4.830354689434528
688,aloud,4.8296678811758635
689,macro,4.8270576125092175
690,scalp,4.825898128241115
691,saucy,4.825808006753864
692,round,4.824340680158189
693,amber,4.824013114720165
694,shout,4.823620676528437
695,crawl,4.82360672048137
696,liver,4.823475841747046
697,poesy,4.822748351997465
698,third,4.821394578232895
699,stalk,4.821099972832882
700,dunce,4.821082869313546
701,straw,4.8204935077411095
702,patsy,4.820403751203908
703,crank,4.81991095749106
704,mayor,4.817845072438369
705,fecal,4.81670954311483
706,chard,4.815076092991055
707,verso,4.814562742021377
708,fable,4.814363880640228
709,under,4.813421185893579
710,palsy,4.8132395069998335
711,mason,4.81231070040118
712,weird,4.812058706598523
713,valor,4.811506511276403
714,abode,4.811234422857278
715,cease,4.811046470876758
716,piety,4.809556662572666
717,lunge,4.809503055033349
718,unlit,4.80941214167096
719,perch,4.807920445682646
720,stove,4.806756238774107
721,drive,4.804180405671267
722,leafy,4.803507326722045
723,lurid,4.800670001590609
724,amble,4.800522571685396
725,rehab,4.800342337421707
726,scram,4.7993409913713565
727,cloth,4.799196027884882
728,fault,4.798127297685678
729,purge,4.7973994020349
730,piney,4.7967534758117925
731,chide,4.796718104948207
732,basin,4.795517368545687
733,flora,4.7953470762099935
734,moult,4.794983710527635
735,wrath,4.794225757963387
736,maker,4.793391698631039
737,honey,4.79266355908841
738,burst,4.791060647796758
739,slurp,4.791021070846347
740,tonga,4.790887631078884
741,forge,4.790161424963825
742,debit,4.789139531806283
743,grunt,4.789023107087567
744,halve,4.78876888892562
745,adobe,4.788559437854761
746,reset,4.78778072950057
747,image,4.786280635689216
748,sandy,4.786234044066079
749,raspy,4.786121178821907
750,robin,4.784774271670561
751,fairy,4.782499923587014
752,caput,4.782191989239857
753,guilt,4.781739750846477
754,cover,4.781484697764621
755,fruit,4.778867257956427
756,clang,4.778788189966983
757,beach,4.777263907997203
758,dirty,4.776843230715539
759,drove,4.776539371636652
760,rabid,4.776488779506073
761,olive,4.776215074367414
762,cobra,4.775844007656997
763,graft,4.774234912144752
764,clove,4.772640727391099
765,covet,4.7725840126728585
766,blurt,4.772166217649644
767,donut,4.771843639224984
768,brunt,4.770520069914205
769,aunty,4.770305530498202
770,overt,4.7701686942911525
771,chafe,4.769838782752407
772,voice,4.766886151535993
773,tumor,4.766808705639696
774,amend,4.76648183882374
775,leaky,4.766465359730084
776,baker,4.765036050419403
777,felon,4.764970086191492
778,gleam,4.764457440129735
779,wheat,4.764378128753218
780,pansy,4.763477369260962
781,cleft,4.76316996887498
782,loamy,4.761821915827543
783,nerdy,4.761287371326161
784,shunt,4.760387658181455
785,owner,4.760205368158518
786,prove,4.759500920768184
787,liken,4.7577088194606425
788,niche,4.756855734054999
789,decay,4.756584534877495
790,inlay,4.756158229265625
791,lousy,4.756047105327968
792,spout,4.755130366209304
793,clerk,4.754397064873625
794,tarot,4.754256931088286
795,viral,4.753109683450454
796,twirl,4.752632219017235
797,stank,4.751256647104493
798,pasty,4.749693718824327
799,lumen,4.7486396074800785
800,gland,4.747772038481332
801,sound,4.747574466179445
802,arena,4.747513003308268
803,threw,4.7460109174492935
804,screw,4.7441916781794005
805,title,4.743574295723325
806,deign,4.742931978834504
807,shrew,4.742613022921095
808,swirl,4.742354371881581
809,eaten,4.742269675197016
810,slack,4.7401336943974846
811,burnt,4.739505269952838
812,sling,4.739414394043392
813,built,4.739136178174338
814,until,4.73909091385024
815,mourn,4.738787400115405
816,warty,4.738718522805374
817,horny,4.7377266649716265
818,while,4.736574702294792
819,grief,4.7365307251055375
820,elite,4.736359509544807
821,bilge,4.735349489641977
822,globe,4.734776079979166
823,broke,4.734401204997377
824,heady,4.734391221163284
825,march,4.7334062344208805
826,yield,4.733361119928704
827,mercy,4.7324729353313915
828,money,4.7322958178813606
829,cabin,4.731857827161751
830,habit,4.731618293085825
831,panic,4.73145598388982
832,golem,4.730953927303371
833,hinge,4.73055536637869
834,broth,4.729694380942046
835,wince,4.7273270272646215
836,fresh,4.727207327704945
837,break,4.726944925020364
838,white,4.724560187139449
839,knelt,4.724429862044808
840,chime,4.723966690987549
841,drank,4.722896292124576
842,biome,4.722760439128196
843,easel,4.722663127487083
844,sperm,4.7226054818643295
845,stork,4.719432662278953
846,mount,4.719428387246349
847,infer,4.718972473597887
848,media,4.718562217624212
849,decry,4.718489763478359
850,chaos,4.71798262241074
851,power,4.7179564967921355
852,hasty,4.717116674134403
853,foyer,4.716801000907711
854,exalt,4.715367105440219
855,relax,4.715215179763629
856,login,4.71520173353675
857,unmet,4.714952030152014
858,wider,4.714948252724643
859,trick,4.714895251736995
860,rusty,4.71451238525744
861,aptly,4.7144905431806485
862,tense,4.7144421108003005
863,cheap,4.7143982285702775
864,tubal,4.712582206959846
865,pinto,4.712398468440713
866,foray,4.711430109912135
867,flake,4.710887272250096
868,croup,4.710781457966171
869,glory,4.710304717327254
870,flint,4.710290242001258
871,steer,4.709926815876708
872,shark,4.708026403520131
873,guard,4.707917122326277
874,boney,4.70639315519923
875,usher,4.706278259300717
876,drawl,4.705642051619766
877,prank,4.705494585031353
878,thief,4.7053341887351
879,china,4.704914279908207
880,whole,4.70460783504667
881,adopt,4.704462273589688
882,poker,4.701984081690321
883,fibre,4.701007098953713
884,fiery,4.700955238061458
885,crush,4.700626700892914
886,rival,4.699855884477445
887,tangy,4.699719615365384
888,urban,4.698771840819986
889,racer,4.698744112772226
890,mirth,4.6977961366384315
891,cramp,4.69739671354422
892,began,4.697121607492714
893,bland,4.6965281336953915
894,whose,4.6951198248134425
895,parer,4.693330609383825
896,carat,4.690401378212622
897,faith,4.690320787815716
898,tract,4.689397535714151
899,brief,4.6892708499672375
900,manly,4.689251621054788
901,tulip,4.688975913574443
902,spike,4.686741604408848
903,girth,4.6863710280398045
904,crier,4.68627643511528
905,final,4.685977398301494
906,guide,4.685285893870682
907,charm,4.6849176078195915
908,shaft,4.684475191252916
909,spend,4.684470632531301
910,scarf,4.683929491099977
911,wafer,4.682135143118306
912,demur,4.681937115174792
913,modal,4.681454094576247
914,spurn,4.6810234246388776
915,scold,4.680684015775283
916,plume,4.680491391684375
917,curve,4.680346919205698
918,sworn,4.6800220559925485
919,toast,4.679772657788062
920,could,4.679191826187561
921,drift,4.677753313408781
922,vault,4.676830919978206
923,drawn,4.6761647712655225
924,grove,4.675905235442537
925,salvo,4.675795056378713
926,start,4.673840678337882
927,clank,4.673683245663549
928,cloak,4.672735054951411
929,hyena,4.671389508321104
930,three,4.671022712235631
931,reuse,4.670561026257529
932,sneer,4.670403419254961
933,amity,4.668447978703343
934,truer,4.668417600165683
935,novel,4.668305124140333
936,graze,4.668149119354196
937,elfin,4.666787435203369
938,gavel,4.666684883965823
939,often,4.6662173741347415
940,flyer,4.665623574522427
941,curly,4.6650094747560376
942,scree,4.664266254936639
943,gonad,4.663827011121361
944,about,4.663458745366236
945,angry,4.663016530200254
946,whine,4.661855239029493
947,altar,4.661702199997741
948,rebus,4.66100880337927
949,tiara,4.6605967130687525
950,hotly,4.660394189313393
951,denim,4.65979622105966
952,badge,4.659027209880016
953,tunic,4.65861968374592
954,prism,4.657616901022922
955,girly,4.65740475690665
956,loose,4.657140157437433
957,haven,4.656116010746551
958,shiny,4.655305655012337
959,slimy,4.654949126873808
960,patch,4.6543758607260655
961,azure,4.653061206925111
962,dowel,4.652754043040959
963,birth,4.652395776205665
964,gnome,4.649758349116913
965,ombre,4.649210961898034
966,slink,4.648691973042164
967,grind,4.6480118688349945
968,dicey,4.647503033165018
969,corer,4.646814457592655
970,beady,4.646138377599451
971,touch,4.646022568563696
972,hardy,4.645852236044657
973,proud,4.644730372276875
974,spark,4.642295776293516
975,topic,4.641413534290332
976,neigh,4.641145971757997
977,briny,4.640252888739075
978,vital,4.6399881590547265
979,prawn,4.639959028486527
980,gnash,4.639259070718517
981,asset,4.639001293622391
982,inane,4.636811050362953
983,taint,4.636284571223128
984,blend,4.635964605632841
985,chord,4.6357103463591764
986,freak,4.635603779442884
987,cloud,4.635092568273307
988,hover,4.634936691810042
989,froth,4.634292399019364
990,diver,4.634228280352868
991,mower,4.634176597843685
992,demon,4.634121008088493
993,manic,4.63407305408647
994,flash,4.633986619364956
995,bacon,4.632495953657194
996,porch,4.631904775291111
997,spoke,4.6299768504853125
998,riser,4.6278460994778765
999,flour,4.6265623724214215
1000,coven,4.626397300160161
1001,binge,4.6263159639867455
1002,ovine,4.626227952337942
1003,fetid,4.6243527543965195
1004,shove,4.623602016879973
1005,micro,4.623538052274216
1006,sting,4.622284608681575
1007,steel,4.62182286294854
1008,ghost,4.619989093328419
1009,speak,4.6198918600641745
1010,retro,4.618676923200097
1011,stack,4.618318169064481
1012,harpy,4.616424970003666
1013,surer,4.616042938554861
1014,tempo,4.614167143444002
1015,buyer,4.61330880896739
1016,tipsy,4.612045759130513
1017,ladle,4.611414335783908
1018,turbo,4.611337235545093
1019,primo,4.611115642189744
1020,dwelt,4.610834339858094
1021,incur,4.609446471205657
1022,crypt,4.608957283672511
1023,eight,4.608763323752591
1024,field,4.608309666680439
1025,right,4.607852360738238
1026,graph,4.606703060681419
1027,erect,4.60511808267282
1028,candy,4.604001416461568
1029,forth,4.603848777931718
1030,lurch,4.603744244755475
1031,churn,4.602153499305129
1032,blunt,4.601691802581204
1033,fiber,4.601648083123273
1034,vaunt,4.601160415906317
1035,wreak,4.601097297523528
1036,swath,4.60099141630749
1037,lyric,4.600980382050288
1038,vicar,4.600207431587456
1039,midst,4.600073060853286
1040,stamp,4.599893912744588
1041,bloke,4.598526429703419
1042,aorta,4.597778156873623
1043,agree,4.596879340404232
1044,lusty,4.596626618383283
1045,flout,4.596316908773888
1046,prong,4.595218232453329
1047,fraud,4.59472692549192
1048,forty,4.594413205739638
1049,flesh,4.594270609839411
1050,cavil,4.594246349137652
1051,ethos,4.592858455000714
1052,trunk,4.592746699221494
1053,cyber,4.592614799383935
1054,wield,4.592164527340225
1055,welsh,4.591372345056185
1056,notch,4.5894506106791875
1057,admit,4.5887988111249856
1058,shady,4.5885581142790155
1059,spree,4.588094864111228
1060,dopey,4.587904442079399
1061,focal,4.58783207689798
1062,there,4.586874433597373
1063,voila,4.584727729045807
1064,smith,4.584509841925379
1065,visor,4.583102736456951
1066,rhyme,4.582781733366506
1067,crown,4.582775880434504
1068,basic,4.582270807687004
1069,debut,4.5814590175269085
1070,waver,4.579098549827199
1071,shawl,4.578668779558059
1072,snack,4.57855803532561
1073,bison,4.576784525737242
1074,thank,4.575197566330574
1075,locus,4.574761951921579
1076,agony,4.57381487979981
1077,spiny,4.572584397103826
1078,gourd,4.571825264749426
1079,sprig,4.570209782628413
1080,tawny,4.569910485790254
1081,prize,4.56856639202613
1082,smoke,4.568038210577598
1083,sheik,4.567631707076224
1084,waive,4.567342314442494
1085,troll,4.566045913559664
1086,throb,4.565518486367864
1087,drier,4.565259219682528
1088,roost,4.564802116188125
1089,match,4.564663795420414
1090,rearm,4.5646385781611984
1091,mover,4.5638752386293655
1092,shank,4.5633064634921086
1093,impel,4.5630088544808025
1094,slick,4.562766769076838
1095,chirp,4.5614109347252025
1096,frond,4.56116004754985
1097,greet,4.560997166191675
1098,unity,4.560442230285181
1099,viper,4.560199524601317
1100,disco,4.559494375626533
1101,worth,4.558501666121927
1102,peace,4.558211190217964
1103,plank,4.5580092162667505
1104,swept,4.557957495063564
1105,lingo,4.556315856839408
1106,caulk,4.556269510141463
1107,cling,4.5545595030782104
1108,shelf,4.5540020087378705
1109,glove,4.553647781777552
1110,laugh,4.551540049019043
1111,brawl,4.550944605062283
1112,bugle,4.550148510475029
1113,glaze,4.549949808924125
1114,swarm,4.549718695323509
1115,bleak,4.549448564730955
1116,decoy,4.5482526572557616
1117,maybe,4.547537905624483
1118,audio,4.546798429584676
1119,hovel,4.546639761703896
1120,ingot,4.546299710205733
1121,sight,4.545913400328181
1122,world,4.54566492181902
1123,clamp,4.545341779082874
1124,being,4.544473645115007
1125,nomad,4.544034898528685
1126,paper,4.54387782015979
1127,giver,4.543391501986777
1128,tulle,4.542813693708735
1129,evict,4.541855160880277
1130,befit,4.541530105111194
1131,widen,4.540154249209665
1132,stink,4.539559290582284
1133,viola,4.537814327622633
1134,suing,4.537378709558248
1135,lefty,4.537101855791275
1136,eagle,4.536504350216553
1137,hyper,4.536002407141745
1138,deter,4.5347468322719555
1139,vapor,4.534401324482847
1140,beret,4.5340662475602755
1141,bulge,4.5338474266596
1142,fiend,4.532315038110844
1143,abhor,4.529213860724879
1144,rough,4.529087157628259
1145,thyme,4.5289726504679475
1146,otter,4.52841622189787
1147,ethic,4.528271695398911
1148,month,4.52757890945338
1149,eager,4.527500071551465
1150,psalm,4.526749947097787
1151,sheer,4.526064496156345
1152,begin,4.525793788991579
1153,enter,4.525258137983906
1154,depth,4.52518804497614
1155,chasm,4.524421425137885
1156,epoch,4.523613108246753
1157,total,4.523446829191591
1158,slung,4.523163519776895
1159,shirk,4.522953626877558
1160,noose,4.522370853585121
1161,allot,4.520886811338058
1162,derby,4.519818679087731
1163,anvil,4.519739139235247
1164,exact,4.519652111873468
1165,child,4.519274219986371
1166,choke,4.519208620378534
1167,stall,4.518746930587443
1168,belch,4.518111930868239
1169,snaky,4.51770766949632
1170,logic,4.517372480333031
1171,batch,4.517209929251328
1172,gazer,4.517091079188158
1173,knead,4.515568571459388
1174,erode,4.514920875929354
1175,devil,4.514691303752686
1176,movie,4.51282520613884
1177,pouty,4.512719712271099
1178,brawn,4.511910622108406
1179,yacht,4.5118749309423425
1180,sumac,4.511122397099273
1181,bowel,4.510953470884716
1182,fetus,4.510514388406169
1183,mauve,4.51006381356917
1184,maize,4.509327533788632
1185,algae,4.5082080203571655
1186,dread,4.507936900993875
1187,truck,4.507655389424997
1188,blond,4.5074607690338775
1189,drink,4.506029435221079
1190,crimp,4.5046631272885875
1191,feign,4.503826457295826
1192,gamut,4.503711556819111
1193,sheet,4.501859008430823
1194,chief,4.4991549272771865
1195,shift,4.498370134738522
1196,synod,4.497157007816226
1197,sword,4.496403427855958
1198,alley,4.496355011461982
1199,linen,4.496042470431866
1200,aware,4.495762018326209
1201,blaze,4.494859399750265
1202,exist,4.494756628317572
1203,doing,4.493062569972534
1204,group,4.492484443573931
1205,bused,4.490584073731687
1206,prowl,4.490338136977238
1207,dried,4.4900108757561465
1208,awoke,4.48993988158531
1209,masse,4.489739110933074
1210,frank,4.487931545203058
1211,spank,4.487855978451952
1212,datum,4.486670562266835
1213,extra,4.484403017192503
1214,agate,4.484212330857034
1215,savoy,4.484135832665135
1216,hazel,4.482191523000059
1217,spicy,4.481710697914347
1218,ovary,4.481236242034323
1219,bicep,4.480214890416376
1220,ebony,4.480141668065923
1221,torso,4.479540159289094
1222,thong,4.478946534937782
1223,afoul,4.4785163284445755
1224,midge,4.478028051979155
1225,heath,4.477630985443979
1226,ruler,4.4775909617507565
1227,blind,4.477335947654218
1228,quart,4.477171514020907
1229,preen,4.4757883491854535
1230,brush,4.4756760841861025
1231,madly,4.475552163880671
1232,gusto,4.475298334605513
1233,lapel,4.4750858472542
1234,plush,4.474452771517264
1235,vegan,4.472710400167572
1236,ester,4.472279319040273
1237,apart,4.47218180002647
1238,vocal,4.471609608526299
1239,aping,4.471135174910645
1240,atoll,4.470728228751411
1241,drown,4.470528870835335
1242,trump,4.469917857833036
1243,light,4.469536107820343
1244,lanky,4.466937391750044
1245,nudge,4.4668934812674586
1246,minty,4.46628667185434
1247,whirl,4.464972749559741
1248,lucid,4.464893496013548
1249,quiet,4.464659224908431
1250,medic,4.461571339357603
1251,syrup,4.461313197601249
1252,valid,4.460876041266546
1253,women,4.460666838223447
1254,above,4.459548087546942
1255,vague,4.459461232971666
1256,vista,4.459250655419304
1257,duvet,4.459072941703362
1258,abate,4.459045538261622
1259,tough,4.457887569528863
1260,throw,4.457697611905317
1261,puree,4.456747150461203
1262,guild,4.456261959231532
1263,joist,4.455637334980092
1264,birch,4.4555640544822435
1265,clink,4.4552429449713395
1266,humor,4.453888195634364
1267,flume,4.451725941370215
1268,badly,4.450552786253766
1269,bench,4.450165826753362
1270,rebar,4.449617477977292
1271,mango,4.449460628229925
1272,pound,4.4489087030155074
1273,handy,4.448636582604468
1274,hound,4.44673511941976
1275,bring,4.446650947342712
1276,mouth,4.4458306073097456
1277,trout,4.444113985530285
1278,slunk,4.442100916471648
1279,these,4.440344454719398
1280,eying,4.439989151402819
1281,meter,4.439541446707445
1282,thing,4.439362593320883
1283,elect,4.438707335512812
1284,sigma,4.438279718960345
1285,femur,4.438115633130294
1286,bravo,4.437171693892982
1287,thrum,4.435628073379182
1288,youth,4.435404195279362
1289,scrum,4.432724543086848
1290,input,4.431583638189982
1291,crass,4.4312167876174575
1292,clown,4.430977723063916
1293,ditch,4.430540691766699
1294,bigot,4.430476840175682
1295,shrug,4.430364074500495
1296,titan,4.4302431387449115
1297,sleep,4.428566125614654
1298,stick,4.428473217652519
1299,genre,4.4282197839719135
1300,optic,4.427499864786645
1301,pitch,4.427384032861503
1302,spawn,4.426815832023759
1303,admin,4.424828562776634
1304,inner,4.42360501012667
1305,chalk,4.423412329832139
1306,niece,4.422088484918591
1307,blank,4.421431861726995
1308,quite,4.421043624986501
1309,perky,4.420730769441909
1310,leery,4.419257829981956
1311,rider,4.418851057232447
1312,elide,4.418650262733628
1313,lunch,4.416605743187117
1314,stock,4.4165817846477395
1315,tweak,4.415549798760929
1316,abase,4.4149125052283225
1317,rerun,4.414526016309871
1318,doubt,4.41447925544453
1319,crowd,4.414468530287273
1320,creed,4.414370648133186
1321,growl,4.413733455288685
1322,burly,4.4127805755198075
1323,omega,4.41266531707455
1324,among,4.4110271797391665
1325,fetch,4.410761555294629
1326,brisk,4.410188783600994
1327,tacit,4.409369282058954
1328,dense,4.40917146851446
1329,heavy,4.40899297696045
1330,knave,4.4079879761856295
1331,retry,4.40689552816942
1332,scamp,4.406232726227316
1333,taunt,4.40613624764649
1334,apple,4.405509945670506
1335,tying,4.40455928764757
1336,scene,4.4039551047947185
1337,stung,4.403643499576735
1338,stomp,4.401950630824363
1339,crepe,4.399919825713799
1340,welch,4.399896750083038
1341,silky,4.399784817960448
1342,trust,4.399498903533966
1343,repel,4.399273777554933
1344,quote,4.398804176294699
1345,morph,4.397978558516622
1346,stilt,4.397632148027994
1347,build,4.397579056793268
1348,prick,4.39712465967426
1349,leper,4.396914885843466
1350,smirk,4.396539745673046
1351,gorge,4.395535666138422
1352,watch,4.3938836236614005
1353,natal,4.393213702675907
1354,scowl,4.3919752016009665
1355,covey,4.391005433368357
1356,polka,4.390921886342474
1357,newly,4.390502793541546
1358,cress,4.3889130035102895
1359,elder,4.388740465960922
1360,siege,4.387919069833734
1361,shack,4.3852790758349425
1362,filth,4.3843893886965795
1363,fancy,4.383765023966104
1364,joint,4.383660861908355
1365,grimy,4.383344674256188
1366,ratty,4.382971504395646
1367,lofty,4.382263985319812
1368,tithe,4.380734886031325
1369,green,4.380692779887829
1370,ghoul,4.380646708919835
1371,utter,4.380227178989617
1372,nobly,4.378920875149215
1373,twang,4.377883633058789
1374,label,4.377866458099223
1375,order,4.377657304529375
1376,rural,4.376939040160312
1377,ardor,4.376820903241177
1378,zonal,4.374716568687739
1379,riper,4.374559507141667
1380,flask,4.371814110147431
1381,given,4.370508834765582
1382,video,4.369211708014649
1383,below,4.369047624104973
1384,mound,4.3679938201880715
1385,posse,4.367812987641588
1386,tacky,4.367378761234653
1387,think,4.366632115505252
1388,sheen,4.365423504181714
1389,bonus,4.364602918477376
1390,study,4.364304129584927
1391,brink,4.364200628871924
1392,favor,4.362873381488138
1393,lasso,4.362830818435221
1394,cumin,4.362128947770847
1395,payee,4.361759445735429
1396,phony,4.36152254311264
1397,canal,4.360780559475388
1398,elope,4.359654626658999
1399,risky,4.358708107290583
1400,creep,4.358369813748843
1401,roger,4.3583091483550165
1402,harsh,4.356867664270966
1403,rodeo,4.355207718683089
1404,shaky,4.354184151908034
1405,dusty,4.350774782776664
1406,bribe,4.349058578482978
1407,wrong,4.348725300575638
1408,pinch,4.3486811458483645
1409,rupee,4.34859660997596
1410,human,4.348560410279775
1411,blush,4.348342295096048
1412,grown,4.346861074332473
1413,cello,4.346708618347303
1414,creme,4.346571962133773
1415,wrack,4.346065328751519
1416,godly,4.344783336711975
1417,belie,4.34468838974507
1418,macho,4.34378209442222
1419,lying,4.343147554524267
1420,clung,4.3399306459461915
1421,minus,4.339712059412634
1422,still,4.339125204421431
1423,wagon,4.338694460616075
1424,wench,4.3383953322702205
1425,botch,4.338303280351244
1426,briar,4.3377778759289525
1427,gravy,4.337076343177027
1428,liege,4.335158588485789
1429,piper,4.335061411517519
1430,stunk,4.335049839116286
1431,shrub,4.334093684630123
1432,diode,4.3338822917847315
1433,dingo,4.332511022935617
1434,egret,4.33229560812084
1435,rally,4.332067012449
1436,pouch,4.331949402233633
1437,magic,4.331819454386424
1438,cache,4.331092325820479
1439,cheer,4.330943555420482
1440,woman,4.330826283488772
1441,salad,4.330487036999312
1442,scrub,4.329669010918961
1443,moose,4.329465019466631
1444,nasal,4.3289198037389145
1445,slump,4.328314803506609
1446,night,4.328256856034503
1447,sally,4.327687087975369
1448,bound,4.324223593807181
1449,quest,4.3234699645720545
1450,tally,4.323005866059808
1451,carry,4.322991864809804
1452,shall,4.322780333695171
1453,wring,4.320628872504585
1454,color,4.318613296411011
1455,tutor,4.317847485996011
1456,piece,4.317755542628671
1457,jaunt,4.317560639401391
1458,stint,4.317209814820254
1459,pivot,4.317187953137593
1460,shown,4.316146020843692
1461,leave,4.316088003151132
1462,flank,4.315658589971305
1463,steed,4.315155126915541
1464,begun,4.314806919201873
1465,balmy,4.31454470596553
1466,legal,4.314012198854151
1467,rebel,4.313005061896332
1468,sorry,4.3125817254276955
1469,brown,4.3125721028591535
1470,knife,4.311047671251532
1471,avoid,4.3106288308741005
1472,goose,4.310559539498757
1473,frisk,4.310453879235651
1474,beset,4.308828096029406
1475,alarm,4.308818326246276
1476,crazy,4.308643459567622
1477,genie,4.308394711011892
1478,fluke,4.308392175808899
1479,purer,4.30782203171167
1480,class,4.307650412776021
1481,squat,4.3071222244905
1482,snowy,4.306302711806726
1483,black,4.305956811708969
1484,slash,4.305351572533471
1485,pixel,4.304515471945442
1486,drunk,4.303808799977287
1487,theta,4.303475401961548
1488,betel,4.303335405189106
1489,motif,4.30102232508802
1490,froze,4.298939453656272
1491,extol,4.2987653416911025
1492,toxin,4.29850042908035
1493,prior,4.29837680442909
1494,juice,4.298028684553958
1495,hydro,4.295300372879381
1496,mangy,4.2951377791331575
1497,gauze,4.2945518688432465
1498,swami,4.294296478615887
1499,vogue,4.293581466944772
1500,smack,4.293454865144934
1501,amply,4.292898817273722
1502,stool,4.292726695836873
1503,gaudy,4.2923282071502005
1504,crump,4.292136804861293
1505,shell,4.291630814715855
1506,hymen,4.291597175072287
1507,speck,4.291437745333398
1508,aphid,4.29133571752559
1509,mogul,4.2892787234923215
1510,pithy,4.288042192394961
1511,octet,4.287996030908606
1512,apnea,4.287876807724603
1513,exult,4.286584716180242
1514,vomit,4.285184492925793
1515,weigh,4.284935245319144
1516,sauna,4.284842016798466
1517,boxer,4.28422542503276
1518,dimly,4.283620647285383
1519,foamy,4.2825578475085475
1520,vigor,4.282382891129514
1521,unfit,4.282209450748218
1522,armor,4.281458065773763
1523,moldy,4.281322276584848
1524,serve,4.280462333600696
1525,imbue,4.279994258692544
1526,virus,4.279450124885666
1527,semen,4.2793745804152925
1528,totem,4.279150478257331
1529,droll,4.278825208685523
1530,dress,4.278806001649893
1531,sewer,4.2785883332984955
1532,canon,4.278387386902584
1533,steep,4.276677648684986
1534,fleet,4.276307861396299
1535,drill,4.274964144800406
1536,wreck,4.274727464462023
1537,musty,4.274649987439721
1538,ivory,4.274206054631772
1539,circa,4.272422450013412
1540,gusty,4.27231857844709
1541,vowel,4.271703038670179
1542,would,4.270745683678302
1543,mocha,4.270542834988241
1544,dozen,4.26890906721233
1545,brick,4.268844627460225
1546,press,4.268680423948182
1547,strut,4.268196479804395
1548,album,4.265116776617206
1549,recur,4.264356689981017
1550,tenth,4.264344685646807
1551,music,4.262950332647088
1552,hefty,4.261252540521706
1553,wordy,4.2605525084993126
1554,bayou,4.260517895648383
1555,woken,4.258864004740318
1556,scuba,4.258442649576912
1557,cough,4.257967071577763
1558,dowry,4.2572428691602715
1559,verse,4.250727475357725
1560,venom,4.250660676796596
1561,rocky,4.25032708856757
1562,local,4.248353262937606
1563,ought,4.247865477588738
1564,ether,4.246389370870649
1565,fluid,4.24570628838593
1566,axion,4.2446805339234075
1567,troop,4.244631265357235
1568,dutch,4.244249148846523
1569,drool,4.243849758618869
1570,zebra,4.242701842750517
1571,budge,4.240265153176513
1572,flush,4.240249554717866
1573,gauge,4.23966092522925
1574,ruder,4.237709727410152
1575,friar,4.237244720005441
1576,elbow,4.2372013391675605
1577,lorry,4.236899102906513
1578,forum,4.236848598536327
1579,arbor,4.236846316823306
1580,askew,4.23639605608186
1581,lynch,4.236222000833471
1582,joust,4.234321957865199
1583,equal,4.233925814834129
1584,privy,4.228703099544897
1585,swift,4.228245287754502
1586,testy,4.227798298409022
1587,tasty,4.22772537435988
1588,pence,4.227459902524936
1589,ensue,4.225896800516957
1590,truss,4.225644009215747
1591,helix,4.225155000418379
1592,climb,4.225121973279365
1593,cross,4.225097682691697
1594,major,4.224941289940143
1595,spell,4.224600093168079
1596,stuck,4.223454694761964
1597,woven,4.222342972107622
1598,using,4.221778389249906
1599,unfed,4.220857171524028
1600,found,4.220425703920962
1601,champ,4.219447470779946
1602,frown,4.218935508368105
1603,tryst,4.217940374788453
1604,blink,4.216290063566294
1605,sweet,4.215940332223583
1606,grass,4.214510298686258
1607,endow,4.2139574570498715
1608,thick,4.21351273185891
1609,detox,4.211803180339083
1610,whelp,4.211240205470979
1611,aroma,4.209635426633658
1612,gipsy,4.207128156019004
1613,borax,4.2040308991303235
1614,radii,4.203968110387744
1615,quilt,4.20344071664979
1616,sleek,4.202234712799288
1617,elude,4.202110580419928
1618,rumba,4.200922330797372
1619,flack,4.2008246069850514
1620,empty,4.1987016858431865
1621,greed,4.198673753534509
1622,sulky,4.197951924715015
1623,hence,4.196586766937067
1624,quail,4.196038217994335
1625,stump,4.195668373043254
1626,sever,4.195353745824382
1627,young,4.194574242250375
1628,hello,4.193904737294837
1629,adage,4.193101398853074
1630,pesky,4.192851637153802
1631,unwed,4.189838524697837
1632,wound,4.189199638245763
1633,fling,4.1891862132246676
1634,dogma,4.18867930082168
1635,shock,4.188567367763995
1636,wooer,4.187895299705304
1637,bingo,4.1867604693844775
1638,parry,4.186595002617711
1639,rowdy,4.1829177297250935
1640,small,4.182862539926204
1641,limbo,4.182676528608489
1642,eking,4.182626505011877
1643,snuck,4.1807671519933916
1644,libel,4.180213108177616
1645,aglow,4.179933034561606
1646,shoot,4.179897461752455
1647,segue,4.179465478358357
1648,bible,4.178817032667015
1649,oxide,4.1787959864087885
1650,stash,4.1779290293494755
1651,donor,4.177198472486218
1652,mulch,4.174928539912374
1653,punch,4.1730034244591145
1654,frock,4.171161427708006
1655,alloy,4.170244553279444
1656,stout,4.170114417756624
1657,grill,4.1685925926445115
1658,brass,4.167859393358094
1659,cacti,4.166667863204388
1660,loyal,4.166655967414058
1661,deuce,4.166564017472182
1662,topaz,4.166286931925822
1663,dough,4.16451002324451
1664,dryer,4.163585669862527
1665,gulch,4.163351806102129
1666,waxen,4.163084902919832
1667,iliac,4.1626829621350065
1668,witch,4.162434996729926
1669,sooty,4.16202711074703
1670,envoy,4.161581773517978
1671,leech,4.159932454751903
1672,sooth,4.159783096658145
1673,dingy,4.159721064964248
1674,ahead,4.158010090002362
1675,smell,4.1575012575537995
1676,rower,4.156464930745833
1677,might,4.156316743559276
1678,breed,4.155428541184346
1679,blown,4.1548433584325055
1680,odder,4.15283679719133
1681,crumb,4.152708955063092
1682,swing,4.151768249607204
1683,wharf,4.151169953301347
1684,motor,4.15046705383062
1685,harry,4.149895367950316
1686,merge,4.149135146402126
1687,havoc,4.1480909270355015
1688,gecko,4.146640826550252
1689,honor,4.1461309192268265
1690,fixer,4.144704928403293
1691,lilac,4.144425013981641
1692,zesty,4.142978992771992
1693,dwarf,4.139267056411076
1694,fudge,4.139205758061722
1695,showy,4.138357334118137
1696,fleck,4.138049346436616
1697,agape,4.135935701639295
1698,vapid,4.135173777679285
1699,catty,4.135140067666352
1700,umbra,4.134327274549013
1701,clump,4.134266851248981
1702,opium,4.133307085768168
1703,itchy,4.13258549887026
1704,plunk,4.132023332128455
1705,creek,4.129046312773077
1706,valve,4.126111146474606
1707,renew,4.125612124050692
1708,colon,4.125175509033233
1709,edify,4.124545503476249
1710,silly,4.124387269808934
1711,reedy,4.12333341771878
1712,sieve,4.121000536287156
1713,swamp,4.119565200720413
1714,pasta,4.117888821355335
1715,finch,4.115589421709924
1716,truth,4.115507348387965
1717,etude,4.1138038523367575
1718,coach,4.112860149107102
1719,robot,4.112680141383709
1720,dross,4.112249791094586
1721,block,4.111207260831802
1722,flaky,4.109683215558647
1723,annul,4.106867711981805
1724,dying,4.105801946444929
1725,slosh,4.105095914945196
1726,glass,4.104826269753652
1727,butch,4.103827529699159
1728,await,4.10360357304191
1729,wrung,4.103286833368279
1730,stunt,4.102940433333956
1731,vinyl,4.10190582705278
1732,marry,4.101128879329813
1733,focus,4.100106345368107
1734,rarer,4.098262183270696
1735,merry,4.098094478097321
1736,attic,4.09717015371903
1737,fella,4.09694764785895
1738,issue,4.09670036037382
1739,sheep,4.094349255135359
1740,debug,4.093995981893531
1741,banal,4.091869684304546
1742,sixty,4.091676769004283
1743,revel,4.091540501067829
1744,winch,4.0909212389339835
1745,toxic,4.090864034449166
1746,canny,4.090623366645236
1747,obese,4.089832035668064
1748,munch,4.088959009288051
1749,lever,4.088741602636377
1750,smock,4.088553102462566
1751,downy,4.08809127984131
1752,rigor,4.085969639964526
1753,rover,4.084723088478695
1754,agora,4.082991919506132
1755,theme,4.081911786174452
1756,spiky,4.081715120299584
1757,blimp,4.0812452860707005
1758,sixth,4.0806472132666585
1759,whiny,4.079987592374535
1760,basal,4.078708134218526
1761,butte,4.0779250168013785
1762,spill,4.076937370876238
1763,sloop,4.076827722809308
1764,width,4.075819925783075
1765,essay,4.075807952628242
1766,spunk,4.074104469361594
1767,cycle,4.073879028942038
1768,curvy,4.073840972380407
1769,quota,4.07363281248365
1770,seedy,4.0734223900520155
1771,arrow,4.071540350669868
1772,gouge,4.070235742094388
1773,nerve,4.0681336380634505
1774,pique,4.0647694867029776
1775,newer,4.063554497721156
1776,joker,4.0614898940051996
1777,query,4.057434028816773
1778,boost,4.056936978702692
1779,river,4.056818261055326
1780,catch,4.05401697422208
1781,speed,4.053437937906744
1782,flown,4.053049213947119
1783,berry,4.0521212258839325
1784,freed,4.050901915386907
1785,fatal,4.047302060880164
1786,humid,4.046824450437577
1787,ledge,4.046252107982992
1788,pluck,4.043572687600662
1789,heave,4.042298628972023
1790,bunch,4.041388663935621
1791,taboo,4.040772680742332
1792,flail,4.038837450626596
1793,ficus,4.037750916332744
1794,quasi,4.036404429040571
1795,annoy,4.034479786952519
1796,seven,4.034415633550759
1797,conic,4.033986754205414
1798,imply,4.033304306747385
1799,moron,4.031625361887923
1800,again,4.029735442407112
1801,spool,4.0281403566328
1802,bleed,4.026628696255848
1803,druid,4.025739130679841
1804,bough,4.024710861478135
1805,dally,4.023712200350374
1806,enema,4.022032631986542
1807,drama,4.021928833104766
1808,owing,4.019910724887179
1809,bless,4.0196241676918705
1810,frill,4.019160204315517
1811,fritz,4.018096105645004
1812,unify,4.017017361485158
1813,quash,4.01565318595043
1814,quake,4.0138170169191625
1815,pushy,4.012923950206314
1816,gross,4.0129087531067285
1817,mania,4.012375173766898
1818,thump,4.012295574392854
1819,cabal,4.012115918050457
1820,swell,4.011626638720853
1821,flick,4.010699548356733
1822,where,4.009959389740655
1823,filmy,4.00937958584214
1824,beget,4.008133006193652
1825,stood,4.007945452746978
1826,limit,4.007653595769778
1827,smoky,4.007382858595547
1828,fence,4.005170264238401
1829,index,4.005168067619057
1830,shuck,4.0041713114653845
1831,patty,4.004147688120425
1832,upper,4.001175733427515
1833,fight,4.000695566955199
1834,hatch,3.9996415774738687
1835,flock,3.998828323157714
1836,eerie,3.997856590026165
1837,usual,3.995857857353271
1838,udder,3.995683750470442
1839,pinky,3.9955697075563648
1840,augur,3.995025635526194
1841,mecca,3.994647162522744
1842,milky,3.9941568237296194
1843,petty,3.9928569726891765
1844,defer,3.989898796122263
1845,dodge,3.989894489908971
1846,crack,3.9898883886217473
1847,junta,3.989377233370079
1848,gooey,3.9889883925669394
1849,vouch,3.986695699881941
1850,never,3.986617057987261
1851,windy,3.984480272138421
1852,pubic,3.982827709575337
1853,fishy,3.9821847847971807
1854,kneel,3.979610278522798
1855,ditto,3.9791956635682784
1856,koala,3.9774261247820233
1857,flung,3.9768335592043575
1858,bylaw,3.9768265517209174
1859,floor,3.975938720286672
1860,proxy,3.973269362245391
1861,wight,3.972403909787208
1862,seize,3.9691688739566207
1863,adapt,3.9680916784539417
1864,afoot,3.9644118556902352
1865,rugby,3.9643927952715052
1866,bleep,3.963683800540932
1867,revue,3.9635371968211115
1868,idiot,3.9615921098765554
1869,waltz,3.9593708525580573
1870,blitz,3.9583104641467894
1871,wispy,3.9579405024883947
1872,krill,3.9551567783166224
1873,chill,3.9543021660469106
1874,stoop,3.9541545451106384
1875,amiss,3.947425846950061
1876,ferry,3.9449743956054433
1877,lumpy,3.9448741763022737
1878,mushy,3.944743258110227
1879,spoon,3.9442629855634115
1880,droop,3.939873362671534
1881,tibia,3.936224754084607
1882,chunk,3.936027919716157
1883,awful,3.9352490267889393
1884,murky,3.9349886456949914
1885,teddy,3.932339965957156
1886,penny,3.9319708472953074
1887,ionic,3.931117291840831
1888,snoop,3.9289928370173515
1889,squad,3.928341998171674
1890,alibi,3.9269536714514515
1891,larva,3.92553507077951
1892,swung,3.92401981284055
1893,junto,3.9206623352284047
1894,sully,3.9195743524765265
1895,aloof,3.91823858953976
1896,axiom,3.9164453587131
1897,glyph,3.916022135271567
1898,union,3.9146552964060435
1899,chess,3.913366130645537
1900,sappy,3.9131329588747397
1901,undue,3.911306529146871
1902,basis,3.910871988598306
1903,rumor,3.9087359720866273
1904,evade,3.9082131339761115
1905,gloss,3.9081694586381817
1906,abbot,3.906572721793954
1907,skimp,3.906368788123357
1908,curry,3.905808175047636
1909,rabbi,3.9054979732292447
1910,slush,3.905055334323082
1911,tenet,3.902711484603326
1912,award,3.90147380672484
1913,avail,3.898466425641844
1914,gaffe,3.89672140170968
1915,comfy,3.896239046610684
1916,lucky,3.89609910156491
1917,ninth,3.8960149624236893
1918,bushy,3.8891743209639453
1919,ennui,3.888462583096736
1920,flunk,3.8882972258764252
1921,banjo,3.888061125683026
1922,elegy,3.8878231857327794
1923,pupal,3.8876919282519196
1924,modem,3.8854494784539835
1925,enjoy,3.8828379827855937
1926,qualm,3.8807912507845352
1927,batty,3.8802617744941967
1928,abbey,3.87964048320338
1929,needy,3.8774222682452626
1930,bliss,3.873380598034883
1931,gassy,3.872522478329011
1932,dandy,3.8715332906355435
1933,verge,3.871525183873294
1934,belly,3.871151798703651
1935,brood,3.8694629464847297
1936,quoth,3.868984452947284
1937,twist,3.868718884303074
1938,coyly,3.8674554933203584
1939,offer,3.8666222138576587
1940,thumb,3.865205719082086
1941,swill,3.8628479568961995
1942,dolly,3.861766559532428
1943,tweed,3.8613531065290956
1944,smash,3.859207966932369
1945,quark,3.85914006345878
1946,sunny,3.858419181711007
1947,wheel,3.8574795395213344
1948,duchy,3.856257860539562
1949,going,3.856128202824182
1950,guess,3.8558144533678327
1951,occur,3.855781134453014
1952,whisk,3.8512390331185933
1953,bawdy,3.850283639514213
1954,vixen,3.850036310144795
1955,pagan,3.8493831591581937
1956,crook,3.8421264749508897
1957,event,3.8415919884943572
1958,clack,3.84121017386144
1959,allow,3.8380979669289155
1960,furor,3.8368607257196983
1961,picky,3.8366042127038678
1962,plumb,3.8357326830465257
1963,delve,3.835021623830979
1964,whack,3.8346274082880276
1965,skill,3.8342908192849596
1966,sense,3.8314663553981916
1967,roomy,3.8277695774219693
1968,conch,3.8263516946022196
1969,staff,3.82629276660017
1970,fungi,3.823738495667188
1971,venue,3.8230430000878264
1972,gayly,3.8219974521409825
1973,awake,3.821703824587769
1974,holly,3.8192581226837006
1975,avian,3.817352283425439
1976,aging,3.816638855649248
1977,parka,3.8145864165684427
1978,chump,3.813772134581643
1979,dilly,3.813560064810274
1980,chili,3.8111691186917285
1981,weave,3.8106379838846576
1982,dusky,3.808073055339873
1983,ember,3.805001433066289
1984,ditty,3.8030577522764983
1985,exert,3.798801977050303
1986,sweep,3.7981774426362764
1987,dryly,3.7981648325770028
1988,condo,3.7972253946098005
1989,husky,3.796557731276192
1990,apply,3.795766488267456
1991,toddy,3.795411963260275
1992,leggy,3.793648859037114
1993,rigid,3.7929722704871978
1994,pupil,3.7928608565274464
1995,hunky,3.7922371468767273
1996,exile,3.79058779878481
1997,crick,3.7891585629206115
1998,wacky,3.7885055750443537
1999,epoxy,3.787537144478498
2000,equip,3.7871682314866226
2001,crock,3.7864100302006873
2002,hitch,3.7843916353582734
2003,razor,3.7841925718296427
2004,tabby,3.7832503509425326
2005,nylon,3.7795319399036535
2006,folio,3.7792019499771143
2007,icily,3.7785112614558716
2008,theft,3.778182519329207
2009,lymph,3.7781796860724777
2010,howdy,3.7779490856374354
2011,hilly,3.7769423320152433
2012,golly,3.775793486159168
2013,hedge,3.775684911146267
2014,jerky,3.7753455371356686
2015,fatty,3.774975817509528
2016,caddy,3.774899167164483
2017,naval,3.7694767062906527
2018,beech,3.7693504605242807
2019,awash,3.768722236670958
2020,worry,3.7681328186915266
2021,error,3.76812692769211
2022,digit,3.764961875090188
2023,groom,3.762627367437902
2024,vodka,3.7621602400131344
2025,spasm,3.759389620411135
2026,scoop,3.759302750567253
2027,alpha,3.7583624467923773
2028,pudgy,3.7569976025371603
2029,comma,3.7560202884032825
2030,photo,3.755472041248482
2031,loopy,3.7523672221380004
2032,cinch,3.7508493076559546
2033,annex,3.750027013580808
2034,bulky,3.7474604800332334
2035,hurry,3.7449155131611267
2036,vying,3.743943161480745
2037,floss,3.743180773959337
2038,judge,3.7350150199317307
2039,swoon,3.7347491750500263
2040,booth,3.7301997689686384
2041,booty,3.729551809094066
2042,timid,3.7295144668047913
2043,fauna,3.7291117892377197
2044,musky,3.728887201237175
2045,couch,3.7286263615470046
2046,fewer,3.726467327681773
2047,fanny,3.725405110985884
2048,visit,3.722646472345487
2049,blurb,3.719792119577653
2050,kiosk,3.719326654106754
2051,uncut,3.7170799913961323
2052,blood,3.716431709390424
2053,enemy,3.7141193459791184
2054,swash,3.713891785720117
2055,dwell,3.712680540735123
2056,soggy,3.712621300290959
2057,lipid,3.7116506461377616
2058,broom,3.7112837485096266
2059,mossy,3.7107496032557976
2060,dumpy,3.7107210272188795
2061,comic,3.7099928610081587
2062,quirk,3.699157597132962
2063,nutty,3.69751814785315
2064,knoll,3.6944905022406025
2065,kneed,3.6920724720992704
2066,villa,3.686813920698177
2067,juicy,3.686508910736938
2068,outdo,3.6855507851162836
2069,proof,3.683175334470327
2070,thigh,3.6787363795536536
2071,karma,3.6766422024469163
2072,shyly,3.6764656798925963
2073,billy,3.6763165154352646
2074,tight,3.6749929509969457
2075,bitty,3.674760754187241
2076,rotor,3.6733670825856883
2077,taffy,3.6719841603162284
2078,gumbo,3.671897444103557
2079,missy,3.6716402217728947
2080,bevel,3.6676295328628044
2081,array,3.664120255745944
2082,usurp,3.6626423783187905
2083,cheek,3.6581022656692426
2084,gawky,3.6554691494683573
2085,bossy,3.6532943752130893
2086,every,3.6532043239912655
2087,queer,3.6523730946418484
2088,pooch,3.6513373169283496
2089,fever,3.649375760783033
2090,tepee,3.647661528600549
2091,ozone,3.6453885165624826
2092,wimpy,3.645309203516999
2093,polyp,3.645065544145589
2094,click,3.6442734754283928
2095,stiff,3.6439374418137955
2096,fjord,3.64369480407284
2097,axial,3.6415648683472166
2098,nymph,3.6399364166037036
2099,manga,3.638903920968821
2100,paddy,3.6358967680383056
2101,clock,3.6338980178362137
2102,amaze,3.6307835101567183
2103,cynic,3.6265237249456193
2104,skull,3.622877310567143
2105,gloom,3.6210153524285076
2106,dully,3.616037453399563
2107,radar,3.614630821272542
2108,igloo,3.614391389428162
2109,offal,3.6131194771136816
2110,sushi,3.6130684411134273
2111,sniff,3.608250671191707
2112,folly,3.6071259826468833
2113,wooly,3.60322304692569
2114,salsa,3.6019194607091505
2115,outgo,3.6014498274754154
2116,flood,3.601301730987885
2117,hutch,3.601133191349465
2118,ruddy,3.597936722767315
2119,brook,3.5941604296913727
2120,kebab,3.5936956075435145
2121,cabby,3.5923815697478325
2122,savvy,3.586676873657234
2123,putty,3.5864340142798112
2124,knack,3.586349702552327
2125,civil,3.579939279554895
2126,melee,3.5796710528011646
2127,cliff,3.578320756773993
2128,funky,3.5760792483666735
2129,teeth,3.574250172440744
2130,undid,3.5733547347822823
2131,shook,3.57154444818313
2132,squib,3.5707927829202983
2133,happy,3.5609794275754774
2134,oddly,3.559693466795721
2135,filly,3.5589766565686634
2136,mucky,3.5572078237845575
2137,bloom,3.557119530284566
2138,penne,3.5565555644827986
2139,forgo,3.5559711447783697
2140,quack,3.5537695553523694
2141,geese,3.5451611944427284
2142,idyll,3.543451443231977
2143,willy,3.543057020273327
2144,furry,3.542867392094147
2145,lobby,3.5413588635178503
2146,witty,3.540025106790539
2147,lupus,3.5399871667670855
2148,inbox,3.5390132098002147
2149,lowly,3.537910904783332
2150,wedge,3.536907036812335
2151,wryly,3.5367157084017076
2152,hunch,3.5356164632638234
2153,hussy,3.5326129370731354
2154,mafia,3.5319606545151214
2155,abyss,3.5314096135884028
2156,unzip,3.5288505085227917
2157,swish,3.528162444354289
2158,gully,3.526640139669714
2159,hippo,3.5247759227832156
2160,skulk,3.5243585538816204
2161,fugue,3.523864107557251
2162,myrrh,3.5219965655312095
2163,rajah,3.519362293053214
2164,pixie,3.5174888875990664
2165,weedy,3.513572290214184
2166,belle,3.5121749983696793
2167,kitty,3.5060418216774716
2168,freer,3.499298873184104
2169,mambo,3.4940893810312663
2170,spook,3.4886940476041923
2171,pulpy,3.484202261281624
2172,icing,3.480328804805097
2173,queen,3.4775478325883373
2174,swoop,3.4762920187800135
2175,eject,3.4705858149235427
2176,goody,3.468930452401696
2177,idiom,3.4664591896178747
2178,bully,3.463850856230834
2179,moody,3.4532139432765327
2180,bosom,3.4495502621253307
2181,chaff,3.448803700868768
2182,embed,3.4460269994043156
2183,tatty,3.4454085236739833
2184,spoof,3.4403984385772315
2185,excel,3.4371079874310304
2186,bongo,3.4365064118029593
2187,scoff,3.435730565649676
2188,allay,3.4334216723788695
2189,fifty,3.432740853408355
2190,quell,3.432277603698248
2191,khaki,3.4320707444640557
2192,cubic,3.431013358555691
2193,skunk,3.4305188842618413
2194,baggy,3.4300290945466063
2195,cluck,3.4293454922367212
2196,stuff,3.427489867322818
2197,fifth,3.4271441335042097
2198,juror,3.4249525557747527
2199,livid,3.4221089670726528
2200,geeky,3.421307268496981
2201,bezel,3.420042763373461
2202,evoke,3.4194935053398914
2203,cacao,3.416141237414375
2204,beefy,3.409974314531634
2205,dodgy,3.408145532560025
2206,check,3.4059238274071846
2207,macaw,3.4052308490123675
2208,booze,3.4020054052960442
2209,bunny,3.4007917055425962
2210,knock,3.397955952641343
2211,refer,3.3964251660247373
2212,plump,3.3933725598015525
2213,quick,3.389035175290355
2214,snuff,3.38827308485319
2215,aback,3.377715366525513
2216,plaza,3.35990353684566
2217,jelly,3.357737107017556
2218,fully,3.3572242395390446
2219,ovoid,3.3536539239254153
2220,jetty,3.3529963091338626
2221,hippy,3.3527197937634856
2222,papal,3.3485918376704644
2223,tweet,3.3424880980869274
2224,giddy,3.3397176605415995
2225,vigil,3.330687805985896
2226,expel,3.330491333757648
2227,tooth,3.3266084490217507
2228,piggy,3.3250077374302225
2229,widow,3.324056217753187
2230,fussy,3.308552021890469
2231,gruff,3.3080153429157555
2232,guava,3.306235806062502
2233,mucus,3.3047392226752517
2234,biddy,3.3010750627272514
2235,kinky,3.298919752354701
2236,chock,3.2945466427097543
2237,funny,3.294355591290474
2238,sassy,3.2941795385495407
2239,onion,3.2905768065832763
2240,which,3.287667285548137
2241,chick,3.285367262676463
2242,woody,3.2850426867558244
2243,nanny,3.283726458886687
2244,quill,3.2825961403024153
2245,verve,3.2703074162350823
2246,hobby,3.2693389850891768
2247,cocoa,3.2608344289011333
2248,buxom,3.25928177813211
2249,llama,3.254222955524032
2250,goofy,3.2301465451349527
2251,jewel,3.226390371832691
2252,emcee,3.2252209185696024
2253,ninja,3.2239800829669014
2254,humus,3.2219788836215852
2255,jolly,3.203748053339974
2256,assay,3.2020969267308277
2257,whoop,3.200287393598348
2258,dowdy,3.194162346350101
2259,amass,3.1930812526355212
2260,level,3.1928736713223063
2261,gypsy,3.1727108916372315
2262,maxim,3.1702256458598193
2263,foggy,3.1598055449766127
2264,slyly,3.142964943782862
2265,dummy,3.1372972006749196
2266,muddy,3.1372155982387695
2267,skiff,3.1207502107984757
2268,jumbo,3.107335909272263
2269,motto,3.1026584431558915
2270,buddy,3.096545021649099
2271,bluff,3.092550678471688
2272,sissy,3.0881031055896258
2273,known,3.087708773501531
2274,guppy,3.086774309298005
2275,chuck,3.085927527618974
2276,humph,3.0687750484033818
2277,jumpy,3.05230572921315
2278,ninny,3.0491672448991274
2279,gummy,3.0463304107005356
2280,twixt,3.006973075931597
2281,buggy,3.005948542329166
2282,daddy,2.998639475172697
2283,pizza,2.99045187530555
2284,madam,2.9675914838425363
2285,shush,2.9428147735663464
2286,minim,2.92899486340603
2287,puffy,2.922263306714796
2288,femme,2.9083757374191217
2289,whiff,2.875107767840441
2290,mammy,2.871671693128396
2291,boozy,2.826723947075964
2292,pygmy,2.8192942576868956
2293,affix,2.8179329050643127
2294,gamma,2.7995505988765585
2295,magma,2.7880423472440037
2296,poppy,2.784260110788886
2297,dizzy,2.768156469292577
2298,kayak,2.7647919104575123
2299,mimic,2.7383929621214387
2300,booby,2.731146155479355
2301,woozy,2.6986887231007417
2302,queue,2.670102287478427
2303,kappa,2.6343945582523127
2304,bobby,2.5946061838053
2305,civic,2.577259805944719
2306,fluff,2.535898676095968
2307,puppy,2.53483644463464
2308,fizzy,2.515510160905938
2309,jiffy,2.488389116473257
2310,vivid,2.4676674703052544
2311,mummy,2.4548242526574167
2312,jazzy,2.317877700631719
2313,fuzzy,2.312293264243754
2314,mamma,2.197038464433068
